Designator,Val,Package,Mid X,Mid Y,Rotation,Layer
"C1","10p","R_0402_1005Metric",88.974763,-105.356710,-60.000000,top
"C2","10p","R_0402_1005Metric",90.698808,-101.190577,30.000000,top
"C3","4.7u","C_0805_2012Metric",150.500000,-131.960000,0.000000,top
"C4","4.7u","C_0805_2012Metric",110.280000,-106.480000,30.000000,top
"C5","1u","R_0402_1005Metric",137.500000,-122.460000,0.000000,top
"C6","1u","R_0402_1005Metric",103.890000,-107.000000,0.000000,top
"C7","4.7u","C_0805_2012Metric",134.000000,-122.460000,0.000000,top
"C8","1u","R_0402_1005Metric",106.410000,-89.750000,180.000000,top
"C9","1u","R_0402_1005Metric",114.800000,-98.590000,90.000000,top
"C10","1u","R_0402_1005Metric",97.400000,-98.440000,-90.000000,top
"D1","DT1240A-08LP3810","UDFN-9_1.0x3.8mm_P0.5mm",86.510000,-119.125000,90.000000,top
"D2","DT1240A-08LP3810","UDFN-9_1.0x3.8mm_P0.5mm",121.800000,-118.985000,90.000000,top
"D3","DT1240A-08LP3810","UDFN-9_1.0x3.8mm_P0.5mm",84.100000,-67.985000,90.000000,top
"D4","DT1240A-08LP3810","UDFN-9_1.0x3.8mm_P0.5mm",123.000000,-67.485000,90.000000,top
"J1","ATX-24","Molex_Mini-Fit_Jr_5566-24A2_2x12_P4.20mm_Vertical",150.750000,-121.100000,90.000000,top
"J2","ATX","Molex_Mini-Fit_-PCI_EXPRESS-_2x04_P4.20mm_Vertical",110.220000,-121.880000,180.000000,top
"J5","LED","TerminalBlock_TE_282834-3_1x03_P2.54mm_Horizontal",67.070000,-132.460000,0.000000,top
"J6","USB_C_Receptacle_USB2.0","USB_C_Receptacle_HRO_TYPE-C-31-M-12",154.500000,-141.960000,0.000000,top
"J7","PAGM","PinHeader_1x05_P2.54mm_Vertical",112.880000,-84.190000,90.000000,top
"J11","LED","TerminalBlock_TE_282834-3_1x03_P2.54mm_Horizontal",76.960000,-132.460000,0.000000,top
"J12","LED","TerminalBlock_TE_282834-3_1x03_P2.54mm_Horizontal",86.960000,-132.460000,0.000000,top
"J13","LED","TerminalBlock_TE_282834-3_1x03_P2.54mm_Horizontal",96.960000,-132.460000,0.000000,top
"J14","LED","TerminalBlock_TE_282834-3_1x03_P2.54mm_Horizontal",96.960000,-142.400000,0.000000,top
"J15","LED","TerminalBlock_TE_282834-3_1x03_P2.54mm_Horizontal",86.960000,-142.400000,0.000000,top
"J16","LED","TerminalBlock_TE_282834-3_1x03_P2.54mm_Horizontal",76.960000,-142.460000,0.000000,top
"J17","LED","TerminalBlock_TE_282834-3_1x03_P2.54mm_Horizontal",67.070000,-142.460000,0.000000,top
"J18","LED","TerminalBlock_TE_282834-3_1x03_P2.54mm_Horizontal",106.960000,-132.460000,0.000000,top
"J19","LED","TerminalBlock_TE_282834-3_1x03_P2.54mm_Horizontal",116.960000,-132.460000,0.000000,top
"J20","LED","TerminalBlock_TE_282834-3_1x03_P2.54mm_Horizontal",126.960000,-132.460000,0.000000,top
"J21","LED","TerminalBlock_TE_282834-3_1x03_P2.54mm_Horizontal",136.960000,-132.460000,0.000000,top
"J22","LED","TerminalBlock_TE_282834-3_1x03_P2.54mm_Horizontal",136.960000,-142.327500,0.000000,top
"J23","LED","TerminalBlock_TE_282834-3_1x03_P2.54mm_Horizontal",126.960000,-142.327500,0.000000,top
"J24","LED","TerminalBlock_TE_282834-3_1x03_P2.54mm_Horizontal",116.960000,-142.460000,0.000000,top
"J25","LED","TerminalBlock_TE_282834-3_1x03_P2.54mm_Horizontal",106.960000,-142.460000,0.000000,top
"J26","LED","TerminalBlock_TE_282834-3_1x03_P2.54mm_Horizontal",66.960000,-58.460000,0.000000,top
"J27","LED","TerminalBlock_TE_282834-3_1x03_P2.54mm_Horizontal",76.960000,-58.460000,0.000000,top
"J28","LED","TerminalBlock_TE_282834-3_1x03_P2.54mm_Horizontal",86.960000,-58.460000,0.000000,top
"J29","LED","TerminalBlock_TE_282834-3_1x03_P2.54mm_Horizontal",96.960000,-58.460000,0.000000,top
"J30","LED","TerminalBlock_TE_282834-3_1x03_P2.54mm_Horizontal",96.960000,-48.327500,0.000000,top
"J31","LED","TerminalBlock_TE_282834-3_1x03_P2.54mm_Horizontal",87.000000,-48.327500,0.000000,top
"J32","LED","TerminalBlock_TE_282834-3_1x03_P2.54mm_Horizontal",76.960000,-48.327500,0.000000,top
"J33","LED","TerminalBlock_TE_282834-3_1x03_P2.54mm_Horizontal",66.960000,-48.327500,0.000000,top
"J34","LED","TerminalBlock_TE_282834-3_1x03_P2.54mm_Horizontal",106.960000,-58.460000,0.000000,top
"J35","LED","TerminalBlock_TE_282834-3_1x03_P2.54mm_Horizontal",116.960000,-58.460000,0.000000,top
"J36","LED","TerminalBlock_TE_282834-3_1x03_P2.54mm_Horizontal",126.960000,-58.460000,0.000000,top
"J37","LED","TerminalBlock_TE_282834-3_1x03_P2.54mm_Horizontal",136.960000,-48.327500,0.000000,top
"J38","LED","TerminalBlock_TE_282834-3_1x03_P2.54mm_Horizontal",136.960000,-58.327500,0.000000,top
"J39","LED","TerminalBlock_TE_282834-3_1x03_P2.54mm_Horizontal",126.960000,-48.327500,0.000000,top
"J40","LED","TerminalBlock_TE_282834-3_1x03_P2.54mm_Horizontal",116.960000,-48.327500,0.000000,top
"J41","LED","TerminalBlock_TE_282834-3_1x03_P2.54mm_Horizontal",106.960000,-48.327500,0.000000,top
"J42","ATX","Molex_Mini-Fit_-PCI_EXPRESS-_2x04_P4.20mm_Vertical",74.750000,-103.160000,-90.000000,top
"J43","ATX","Molex_Mini-Fit_-PCI_EXPRESS-_2x04_P4.20mm_Vertical",74.750000,-73.760000,-90.000000,top
"J44","ATX","Molex_Mini-Fit_-PCI_EXPRESS-_2x04_P4.20mm_Vertical",98.100000,-69.460000,0.000000,top
"J45","ATX","Molex_Mini-Fit_-PCI_EXPRESS-_2x04_P4.20mm_Vertical",141.500000,-72.360000,-90.000000,top
"R1","510","R_0402_1005Metric",129.500000,-112.460000,0.000000,top
"R2","1k","R_0402_1005Metric",129.000000,-118.460000,0.000000,top
"R3","5.1k","R_0402_1005Metric",88.560000,-93.720000,0.000000,top
"R4","5.1k","R_0402_1005Metric",157.950000,-135.250000,0.000000,top
"R5","5.1k","R_0402_1005Metric",150.760000,-135.750000,180.000000,top
"R6","120","R_0402_1005Metric",84.000000,-115.950000,-90.000000,top
"R7","120","R_0402_1005Metric",86.000000,-115.950000,-90.000000,top
"R8","120","R_0402_1005Metric",87.000000,-115.950000,-90.000000,top
"R9","120","R_0402_1005Metric",89.000000,-115.950000,-90.000000,top
"R10","120","R_0402_1005Metric",90.000000,-115.950000,-90.000000,top
"R11","120","R_0402_1005Metric",85.000000,-115.950000,-90.000000,top
"R12","120","R_0402_1005Metric",88.000000,-115.950000,-90.000000,top
"R13","120","R_0402_1005Metric",83.000000,-115.950000,-90.000000,top
"R14","120","R_0402_1005Metric",119.000000,-114.460000,-90.000000,top
"R15","120","R_0402_1005Metric",122.000000,-114.460000,-90.000000,top
"R16","120","R_0402_1005Metric",121.000000,-114.460000,-90.000000,top
"R17","120","R_0402_1005Metric",124.000000,-114.460000,-90.000000,top
"R18","120","R_0402_1005Metric",125.000000,-114.460000,-90.000000,top
"R19","120","R_0402_1005Metric",120.000000,-114.460000,-90.000000,top
"R20","120","R_0402_1005Metric",123.000000,-114.460000,-90.000000,top
"R21","120","R_0402_1005Metric",118.000000,-114.460000,-90.000000,top
"R22","120","R_0402_1005Metric",82.500000,-72.950000,90.000000,top
"R23","120","R_0402_1005Metric",85.500000,-72.950000,90.000000,top
"R24","120","R_0402_1005Metric",88.500000,-72.960000,90.000000,top
"R25","120","R_0402_1005Metric",83.500000,-72.950000,90.000000,top
"R26","120","R_0402_1005Metric",121.000000,-72.460000,90.000000,top
"R27","120","R_0402_1005Metric",124.000000,-72.460000,90.000000,top
"R28","120","R_0402_1005Metric",127.020000,-72.470000,90.000000,top
"R29","120","R_0402_1005Metric",122.000000,-72.450000,90.000000,top
"R30","120","R_0402_1005Metric",84.500000,-72.960000,90.000000,top
"R31","120","R_0402_1005Metric",87.500000,-72.960000,90.000000,top
"R32","120","R_0402_1005Metric",86.500000,-72.960000,90.000000,top
"R33","120","R_0402_1005Metric",81.500000,-72.950000,90.000000,top
"R34","120","R_0402_1005Metric",123.000000,-72.460000,90.000000,top
"R35","120","R_0402_1005Metric",126.000000,-72.460000,90.000000,top
"R36","120","R_0402_1005Metric",125.000000,-72.450000,90.000000,top
"R37","120","R_0402_1005Metric",120.000000,-72.470000,90.000000,top
"R38","22","R_0402_1005Metric",143.600000,-121.450000,150.000000,top
"R39","22","R_0402_1005Metric",144.150000,-120.400000,150.000000,top
"SW1","Download","SW_SPST_TL3342",89.350000,-89.700000,0.000000,top
"U1","CH32V305RBT6","LQFP-64_10x10mm_P0.5mm",106.150000,-98.525000,60.000000,top
"U2","AMS1117","SOT-223-3_TabPin2",135.300000,-115.310000,90.000000,top
"Y2","8MHz","Crystal_SMD_3225-4Pin_3.2x2.5mm_HandSoldering",92.020737,-103.779071,30.000000,top
