"Reference","Qty","Value","DNP","Exclude from BOM","Exclude from Board","Footprint","Datasheet","LCSC"
"C1,C2","2","10p","","","","Resistor_SMD:R_0402_1005Metric","","C32949"
"C3,C4,C7","3","4.7u","","","","Capacitor_SMD:C_0805_2012Metric","","C1779"
"C5,C6,C8,C9,C10","5","1u","","","","Resistor_SMD:R_0402_1005Metric","","C52923"
"D1,D2,D3,D4","4","DT1240A-08LP3810","","","","Package_DFN_QFN:UDFN-9_1.0x3.8mm_P0.5mm","https://www.diodes.com/assets/Datasheets/DT1240A-08LP3810.pdf","C526598"
"J1","1","ATX-24","","","","Connector_Molex:Molex_Mini-Fit_Jr_5566-24A2_2x12_P4.20mm_Vertical","https://www.intel.com/content/dam/www/public/us/en/documents/guides/power-supply-design-guide-june.pdf#page=33","C114125"
"J2,J42,J43,J44,J45","5","ATX","","","","cnhardware:Molex_Mini-Fit_-PCI_EXPRESS-_2x04_P4.20mm_Vertical","~","C2886679"
"J3","1","PA11","","Excluded from BOM","","TestPoint:TestPoint_Pad_D1.0mm","",""
"J4","1","PA12","","Excluded from BOM","","TestPoint:TestPoint_Pad_D1.0mm","",""
"J5,J11,J12,J13,J14,J15,J16,J17,J18,J19,J20,J21,J22,J23,J24,J25,J26,J27,J28,J29,J30,J31,J32,J33,J34,J35,J36,J37,J38,J39,J40,J41","32","LED","","","","TerminalBlock_TE-Connectivity:TerminalBlock_TE_282834-3_1x03_P2.54mm_Horizontal","~","C234181"
"J6","1","USB_C_Receptacle_USB2.0","","","","Connector_USB:USB_C_Receptacle_HRO_TYPE-C-31-M-12","https://www.usb.org/sites/default/files/documents/usb_type-c.zip","C2765186"
"J7","1","PAGM","","","","Connector_PinHeader_2.54mm:PinHeader_1x05_P2.54mm_Vertical","","C32713271"
"J8","1","PA15","","Excluded from BOM","","TestPoint:TestPoint_Pad_D1.0mm","",""
"R1","1","510","","","","Resistor_SMD:R_0402_1005Metric","","C25123"
"R2","1","1k","","","","Resistor_SMD:R_0402_1005Metric","","C11702"
"R3,R4,R5","3","5.1k","","","","Resistor_SMD:R_0402_1005Metric","","C25905"
"R6,R7,R8,R9,R10,R11,R12,R13,R14,R15,R16,R17,R18,R19,R20,R21,R22,R23,R24,R25,R26,R27,R28,R29,R30,R31,R32,R33,R34,R35,R36,R37","32","120","","","","Resistor_SMD:R_0402_1005Metric","","C25079"
"R38,R39","2","22","","","","Resistor_SMD:R_0402_1005Metric","","C25092"
"SW1","1","Download","","","","Button_Switch_SMD:SW_SPST_TL3342","","C318884"
"U1","1","CH32V305RBT6","","","","Package_QFP:LQFP-64_10x10mm_P0.5mm","http://www.wch-ic.com/products/CH32V307.html?","C5187529"
"U2","1","AMS1117","","","","Package_TO_SOT_SMD:SOT-223-3_TabPin2","http://www.advanced-monolithic.com/pdf/ds1117.pdf","C110475"
"Y2","1","8MHz","","","","Crystal:Crystal_SMD_3225-4Pin_3.2x2.5mm_HandSoldering","~","C367183"
